-- phpMyAdmin SQL Dump
-- version 5.2.1
-- https://www.phpmyadmin.net/
--
-- Host: 127.0.0.1
-- Creato il: Mag 20, 2025 alle 22:41
-- Versione del server: 10.4.32-MariaDB
-- Versione PHP: 8.0.30

SET SQL_MODE = "NO_AUTO_VALUE_ON_ZERO";
START TRANSACTION;
SET time_zone = "+00:00";


/*!40101 SET @OLD_CHARACTER_SET_CLIENT=@@CHARACTER_SET_CLIENT */;
/*!40101 SET @OLD_CHARACTER_SET_RESULTS=@@CHARACTER_SET_RESULTS */;
/*!40101 SET @OLD_COLLATION_CONNECTION=@@COLLATION_CONNECTION */;
/*!40101 SET NAMES utf8mb4 */;

--
-- Database: `seriea+`
--

-- --------------------------------------------------------

--
-- Struttura della tabella `evento`
--

CREATE TABLE `evento` (
  `id` int(3) NOT NULL,
  `minuto` int(3) NOT NULL,
  `tipo` set('gol','rigore','assist','cartellino rosso','cartellino giallo','') NOT NULL,
  `id_partita` int(3) NOT NULL,
  `id_giocatore` int(3) NOT NULL
) ENGINE=InnoDB DEFAULT CHARSET=utf8mb4 COLLATE=utf8mb4_general_ci;

--
-- Dump dei dati per la tabella `evento`
--

INSERT INTO `evento` (`id`, `minuto`, `tipo`, `id_partita`, `id_giocatore`) VALUES
(12, 12, 'cartellino giallo', 300, 547),
(13, 25, 'cartellino giallo', 300, 301),
(14, 30, 'cartellino giallo', 300, 312),
(15, 61, 'gol', 300, 323),
(16, 61, 'assist', 300, 306),
(17, 67, 'cartellino giallo', 300, 553),
(18, 69, 'cartellino giallo', 300, 561),
(19, 75, 'gol', 300, 568),
(20, 75, 'assist', 300, 553),
(21, 83, 'cartellino giallo', 300, 557),
(22, 84, 'cartellino giallo', 300, 563),
(23, 92, 'cartellino rosso', 300, 558),
(24, 22, 'cartellino giallo', 301, 353),
(25, 25, 'cartellino giallo', 301, 223),
(26, 49, 'gol', 301, 238),
(27, 49, 'assist', 301, 235),
(28, 61, 'cartellino giallo', 301, 334),
(29, 78, 'cartellino giallo', 301, 341),
(30, 92, 'cartellino giallo', 301, 331),
(31, 25, 'gol', 302, 45),
(32, 25, 'assist', 302, 50),
(33, 31, 'cartellino giallo', 302, 40),
(34, 55, 'cartellino giallo', 302, 649),
(35, 72, 'cartellino giallo', 302, 653),
(36, 88, 'cartellino giallo', 302, 49),
(37, 54, 'cartellino giallo', 303, 415),
(38, 75, 'cartellino giallo', 303, 175),
(39, 78, 'cartellino giallo', 303, 178),
(40, 80, 'gol', 303, 180),
(41, 80, 'assist', 303, 170),
(42, 96, 'cartellino giallo', 303, 245),
(43, 12, 'cartellino giallo', 304, 428),
(44, 29, 'cartellino giallo', 304, 454),
(45, 49, 'gol', 304, 442),
(46, 49, 'assist', 304, 432),
(47, 67, 'cartellino giallo', 304, 473),
(48, 73, 'gol', 304, 441),
(49, 75, 'cartellino giallo', 304, 445),
(50, 92, 'gol', 304, 446),
(51, 92, 'assist', 304, 441),
(52, 45, 'gol', 305, 265),
(53, 77, 'cartellino giallo', 305, 109),
(54, 86, 'cartellino giallo', 305, 118),
(55, 93, 'cartellino giallo', 305, 112),
(56, 12, 'gol', 306, 25),
(57, 12, 'assist', 306, 9),
(58, 29, 'gol', 306, 16),
(59, 29, 'assist', 306, 9),
(60, 71, 'gol', 306, 574),
(61, 91, 'cartellino giallo', 306, 14),
(62, 94, 'cartellino giallo', 306, 15),
(63, 2, 'gol', 307, 151),
(64, 2, 'assist', 307, 141),
(65, 19, 'gol', 307, 154),
(66, 19, 'assist', 307, 144),
(67, 40, 'cartellino giallo', 307, 154),
(68, 71, 'cartellino giallo', 307, 47),
(69, 84, 'gol', 307, 78),
(70, 84, 'assist', 307, 60),
(71, 90, 'cartellino giallo', 307, 61),
(72, 65, 'cartellino giallo', 308, 519),
(73, 71, 'cartellino giallo', 308, 582),
(74, 71, 'cartellino giallo', 308, 523),
(75, 7, 'cartellino giallo', 309, 285),
(76, 40, 'cartellino giallo', 309, 206),
(77, 49, 'cartellino giallo', 309, 272),
(78, 57, 'cartellino giallo', 309, 275),
(79, 57, 'gol', 309, 194),
(80, 57, 'assist', 309, 210),
(81, 65, 'cartellino giallo', 309, 271),
(82, 69, 'cartellino giallo', 309, 198),
(83, 82, 'gol', 309, 279),
(84, 92, 'cartellino giallo', 309, 187);

-- --------------------------------------------------------

--
-- Struttura della tabella `giocatore`
--

CREATE TABLE `giocatore` (
  `id` int(50) NOT NULL,
  `nome` varchar(20) NOT NULL,
  `cognome` varchar(20) NOT NULL,
  `nazionalità` varchar(20) NOT NULL,
  `ruolo` set('portiere','difensore','centrocampista','attaccante') NOT NULL,
  `età` int(2) NOT NULL,
  `id_squadra` int(3) NOT NULL
) ENGINE=InnoDB DEFAULT CHARSET=utf8mb4 COLLATE=utf8mb4_general_ci;

--
-- Dump dei dati per la tabella `giocatore`
--

INSERT INTO `giocatore` (`id`, `nome`, `cognome`, `nazionalità`, `ruolo`, `età`, `id_squadra`) VALUES
(1, 'Josep', 'Martínez', 'Spagna', 'portiere', 26, 9),
(2, 'Yann', 'Sommer', 'Svizzera', 'portiere', 36, 9),
(3, 'Raffaele', 'Di Gennaro', 'Italia', 'portiere', 31, 9),
(4, 'Alessandro', 'Bastoni', 'Italia', 'difensore', 26, 9),
(5, 'Benjamin', 'Pavard', 'Francia', 'difensore', 29, 9),
(6, 'Yann', 'Bisseck', 'Germania', 'difensore', 24, 9),
(7, 'Stefan', 'de Vrij', 'Olanda', 'difensore', 33, 9),
(8, 'Francesco', 'Acerbi', 'Italia', 'difensore', 37, 9),
(9, 'Federico', 'Dimarco', 'Italia', 'difensore', 27, 9),
(10, 'Carlos', 'Augusto', 'Brasile', 'difensore', 26, 9),
(11, 'Denzel', 'Dumfries', 'Olanda', 'difensore', 29, 9),
(12, 'Matteo', 'Darmian', 'Italia', 'difensore', 35, 9),
(13, 'Hakan', 'Çalhanoğlu', 'Turchia', 'centrocampista', 31, 9),
(14, 'Kristjan', 'Asllani', 'Albania', 'centrocampista', 23, 9),
(15, 'Nicolò', 'Barella', 'Italia', 'centrocampista', 28, 9),
(16, 'Davide', 'Frattesi', 'Italia', 'centrocampista', 25, 9),
(17, 'Piotr', 'Zieliński', 'Polonia', 'centrocampista', 30, 9),
(18, 'Henrikh', 'Mkhitaryan', 'Armenia', 'centrocampista', 36, 9),
(19, 'Nicola', 'Zalewski', 'Polonia', 'centrocampista', 23, 9),
(20, 'Valentín', 'Carboni', 'Argentina', 'centrocampista', 20, 9),
(21, 'Joaquín', 'Correa', 'Argentina', 'attaccante', 30, 9),
(22, 'Lautaro', 'Martínez', 'Argentina', 'attaccante', 27, 9),
(23, 'Marcus', 'Thuram', 'Francia', 'attaccante', 27, 9),
(24, 'Mehdi', 'Taremi', 'Iran', 'attaccante', 32, 9),
(25, 'Marko', 'Arnautovic', 'Austria', 'attaccante', 36, 9),
(26, 'Michele', 'Di Gregorio', 'Italia', 'portiere', 27, 10),
(27, 'Mattia', 'Perin', 'Italia', 'portiere', 32, 10),
(28, 'Carlo', 'Pinsoglio', 'Italia', 'portiere', 35, 10),
(29, 'Gleison', 'Bremer', 'Brasile', 'difensore', 28, 10),
(30, 'Pierre', 'Kalulu', 'Francia', 'difensore', 24, 10),
(31, 'Federico', 'Gatti', 'Italia', 'difensore', 26, 10),
(32, 'Lloyd', 'Kelly', 'Inghilterra', 'difensore', 26, 10),
(33, 'Renato', 'Veiga', 'Portogallo', 'difensore', 21, 10),
(34, 'Andrea', 'Cambiaso', 'Italia', 'difensore', 25, 10),
(35, 'Juan', 'Cabal', 'Colombia', 'difensore', 24, 10),
(36, 'Jonas', 'Rouhi', 'Svezia', 'difensore', 21, 10),
(37, 'Nicolò', 'Savona', 'Italia', 'difensore', 22, 10),
(38, 'Alberto', 'Costa', 'Portogallo', 'difensore', 21, 10),
(39, 'Manuel', 'Locatelli', 'Italia', 'centrocampista', 27, 10),
(40, 'Khéphren', 'Thuram', 'Francia', 'centrocampista', 24, 10),
(41, 'Douglas', 'Luiz', 'Brasile', 'centrocampista', 26, 10),
(42, 'Weston', 'McKennie', 'Stati Uniti', 'centrocampista', 26, 10),
(43, 'Teun', 'Koopmeiners', 'Olanda', 'centrocampista', 27, 10),
(44, 'Vasilije', 'Adžić', 'Montenegro', 'centrocampista', 18, 10),
(45, 'Kenan', 'Yıldız', 'Turchia', 'attaccante', 20, 10),
(46, 'Samuel', 'Mbangula', 'Belgio', 'attaccante', 21, 10),
(47, 'Francisco', 'Conceição', 'Portogallo', 'attaccante', 22, 10),
(48, 'Nico', 'González', 'Argentina', 'attaccante', 27, 10),
(49, 'Timothy', 'Weah', 'Stati Uniti', 'attaccante', 25, 10),
(50, 'Dušan', 'Vlahović', 'Serbia', 'attaccante', 25, 10),
(51, 'Randal', 'Kolo Muani', 'Francia', 'attaccante', 26, 10),
(52, 'Arkadiusz', 'Milik', 'Polonia', 'attaccante', 31, 10),
(53, 'Mike', 'Maignan', 'Francia', 'portiere', 29, 13),
(54, 'Marco', 'Sportiello', 'Italia', 'portiere', 32, 13),
(55, 'Lorenzo', 'Torriani', 'Italia', 'portiere', 20, 13),
(56, 'Fikayo', 'Tomori', 'Inghilterra', 'difensore', 27, 13),
(57, 'Malick', 'Thiaw', 'Germania', 'difensore', 23, 13),
(58, 'Strahinja', 'Pavlović', 'Serbia', 'difensore', 23, 13),
(59, 'Matteo', 'Gabbia', 'Italia', 'difensore', 25, 13),
(60, 'Theo', 'Hernández', 'Francia', 'difensore', 27, 13),
(61, 'Álex', 'Jiménez', 'Spagna', 'difensore', 19, 13),
(62, 'Emerson', 'Royal', 'Brasile', 'difensore', 26, 13),
(63, 'Kyle', 'Walker', 'Inghilterra', 'difensore', 34, 13),
(64, 'Filippo', 'Terracciano', 'Italia', 'difensore', 22, 13),
(65, 'Alessandro', 'Florenzi', 'Italia', 'difensore', 34, 13),
(66, 'Youssouf', 'Fofana', 'Francia', 'centrocampista', 26, 13),
(67, 'Tijjani', 'Reijnders', 'Olanda', 'centrocampista', 26, 13),
(68, 'Yunus', 'Musah', 'Stati Uniti', 'centrocampista', 22, 13),
(69, 'Ruben', 'Loftus-Cheek', 'Inghilterra', 'centrocampista', 29, 13),
(70, 'Warren', 'Bondo', 'Francia', 'centrocampista', 21, 13),
(71, 'Rafael', 'Leão', 'Portogallo', 'attaccante', 25, 13),
(72, 'Riccardo', 'Sottil', 'Italia', 'attaccante', 25, 13),
(73, 'Christian', 'Pulisic', 'Stati Uniti', 'attaccante', 26, 13),
(74, 'Samuel', 'Chukwueze', 'Nigeria', 'attaccante', 25, 13),
(75, 'João', 'Félix', 'Portogallo', 'attaccante', 25, 13),
(76, 'Santiago', 'Gimenez', 'Messico', 'attaccante', 24, 13),
(77, 'Tammy', 'Abraham', 'Inghilterra', 'attaccante', 27, 13),
(78, 'Luka', 'Jović', 'Serbia', 'attaccante', 27, 13),
(105, 'Marco', 'Carnesecchi', 'Italia', 'portiere', 24, 1),
(106, 'Rui', 'Patrício', 'Portogallo', 'portiere', 37, 1),
(107, 'Francesco', 'Rossi', 'Italia', 'portiere', 34, 1),
(108, 'Giorgio', 'Scalvini', 'Italia', 'difensore', 21, 1),
(109, 'Isak', 'Hien', 'Svezia', 'difensore', 26, 1),
(110, 'Odilon', 'Kossounou', 'Costa d\'Avorio', 'difensore', 24, 1),
(111, 'Stefan', 'Posch', 'Austria', 'difensore', 27, 1),
(112, 'Sead', 'Kolasinac', 'Bosnia-Erzegovina', 'difensore', 31, 1),
(113, 'Berat', 'Djimsiti', 'Albania', 'difensore', 32, 1),
(114, 'Rafael', 'Tolói', 'Italia', 'difensore', 34, 1),
(115, 'Marten', 'de Roon', 'Olanda', 'centrocampista', 34, 1),
(116, 'Ibrahim', 'Sulemana', 'Ghana', 'centrocampista', 21, 1),
(117, 'Éderson', 'Éderson', 'Brasile', 'centrocampista', 25, 1),
(118, 'Lazar', 'Samardžić', 'Serbia', 'centrocampista', 23, 1),
(119, 'Mario', 'Pasalic', 'Croazia', 'centrocampista', 30, 1),
(120, 'Marco', 'Brescianini', 'Italia', 'centrocampista', 25, 1),
(121, 'Raoul', 'Bellanova', 'Italia', 'centrocampista', 24, 1),
(122, 'Davide', 'Zappacosta', 'Italia', 'centrocampista', 32, 1),
(123, 'Marco', 'Palestra', 'Italia', 'centrocampista', 20, 1),
(124, 'Juan', 'Cuadrado', 'Colombia', 'centrocampista', 36, 1),
(125, 'Matteo', 'Ruggeri', 'Italia', 'centrocampista', 22, 1),
(126, 'Charles', 'De Ketelaere', 'Belgio', 'attaccante', 24, 1),
(127, 'Daniel', 'Maldini', 'Italia', 'attaccante', 23, 1),
(128, 'Ademola', 'Lookman', 'Nigeria', 'attaccante', 27, 1),
(129, 'Mateo', 'Retegui', 'Italia', 'attaccante', 26, 1),
(130, 'Gianluca', 'Scamacca', 'Italia', 'attaccante', 26, 1),
(131, 'Alex', 'Meret', 'Italia', 'portiere', 28, 15),
(132, 'Simone', 'Scuffet', 'Italia', 'portiere', 28, 15),
(133, 'Nikita', 'Contini', 'Italia', 'portiere', 28, 15),
(134, 'Claudio', 'Turi', 'Italia', 'portiere', 20, 15),
(135, 'Alessandro', 'Buongiorno', 'Italia', 'difensore', 25, 15),
(136, 'Amir', 'Rrahmani', 'Kosovo', 'difensore', 31, 15),
(137, 'Rafa', 'Marín', 'Spagna', 'difensore', 22, 15),
(138, 'Juan', 'Jesus', 'Brasile', 'difensore', 33, 15),
(139, 'Mathías', 'Olivera', 'Uruguay', 'difensore', 27, 15),
(140, 'Leonardo', 'Spinazzola', 'Italia', 'difensore', 32, 15),
(141, 'Giovanni', 'Di Lorenzo', 'Italia', 'difensore', 31, 15),
(142, 'Pasquale', 'Mazzocchi', 'Italia', 'difensore', 29, 15),
(143, 'Stanislav', 'Lobotka', 'Slovacchia', 'centrocampista', 30, 15),
(144, 'Billy', 'Gilmour', 'Scozia', 'centrocampista', 23, 15),
(145, 'Scott', 'McTominay', 'Scozia', 'centrocampista', 28, 15),
(146, 'Frank', 'Anguissa', 'Camerun', 'centrocampista', 29, 15),
(147, 'Philip', 'Billing', 'Danimarca', 'centrocampista', 28, 15),
(148, 'Luis', 'Hasa', 'Italia', 'centrocampista', 21, 15),
(149, 'David', 'Neres', 'Brasile', 'attaccante', 28, 15),
(150, 'Noah', 'Okafor', 'Svizzera', 'attaccante', 24, 15),
(151, 'Matteo', 'Politano', 'Italia', 'attaccante', 31, 15),
(152, 'Cyril', 'Ngonge', 'Belgio', 'attaccante', 24, 15),
(153, 'Giacomo', 'Raspadori', 'Italia', 'attaccante', 25, 15),
(154, 'Romelu', 'Lukaku', 'Belgio', 'attaccante', 31, 15),
(155, 'Giovanni', 'Simeone', 'Argentina', 'attaccante', 29, 15),
(156, 'Mile', 'Svilar', 'Serbia', 'portiere', 25, 17),
(157, 'Pierluigi', 'Gollini', 'Italia', 'portiere', 30, 17),
(158, 'Renato', 'Marin', 'Italia', 'portiere', 18, 17),
(159, 'Evan', 'Ndicka', 'Costa d\'Avorio', 'difensore', 25, 17),
(160, 'Gianluca', 'Mancini', 'Italia', 'difensore', 29, 17),
(161, 'Victor', 'Nelsson', 'Danimarca', 'difensore', 26, 17),
(162, 'Mats', 'Hummels', 'Germania', 'difensore', 36, 17),
(163, 'Angeliño', 'Angeliño', 'Spagna', 'difensore', 28, 17),
(164, 'Anass', 'Salah-Eddine', 'Olanda', 'difensore', 23, 17),
(165, 'Devyne', 'Rensch', 'Olanda', 'difensore', 22, 17),
(166, 'Zeki', 'Çelik', 'Turchia', 'difensore', 28, 17),
(167, 'Saud', 'Abdulhamid', 'Arabia Saudita', 'difensore', 25, 17),
(168, 'Buba', 'Sangaré', 'Spagna', 'difensore', 17, 17),
(169, 'Lucas', 'Gourna-Douath', 'Francia', 'centrocampista', 21, 17),
(170, 'Bryan', 'Cristante', 'Italia', 'centrocampista', 30, 17),
(171, 'Leandro', 'Paredes', 'Argentina', 'centrocampista', 30, 17),
(172, 'Manu', 'Koné', 'Francia', 'centrocampista', 23, 17),
(173, 'Niccolò', 'Pisilli', 'Italia', 'centrocampista', 20, 17),
(174, 'Lorenzo', 'Pellegrini', 'Italia', 'centrocampista', 28, 17),
(175, 'Tommaso', 'Baldanzi', 'Italia', 'centrocampista', 22, 17),
(176, 'Stephan', 'El Shaarawy', 'Italia', 'attaccante', 32, 17),
(177, 'Matías', 'Soulé', 'Argentina', 'attaccante', 22, 17),
(178, 'Alexis', 'Saelemaekers', 'Belgio', 'attaccante', 25, 17),
(179, 'Paulo', 'Dybala', 'Argentina', 'attaccante', 31, 17),
(180, 'Artem', 'Dovbyk', 'Ucraina', 'attaccante', 27, 17),
(181, 'Eldor', 'Shomurodov', 'Uzbekistan', 'attaccante', 29, 17),
(182, 'Ivan', 'Provedel', 'Italia', 'portiere', 31, 11),
(183, 'Christos', 'Mandas', 'Grecia', 'portiere', 23, 11),
(184, 'Davide', 'Renzetti', 'Italia', 'portiere', 18, 11),
(185, 'Alessio', 'Furlanetto', 'Italia', 'portiere', 23, 11),
(186, 'Mario', 'Gila', 'Spagna', 'difensore', 24, 11),
(187, 'Alessio', 'Romagnoli', 'Italia', 'difensore', 30, 11),
(188, 'Samuel', 'Gigot', 'Francia', 'difensore', 31, 11),
(189, 'Patric', 'Patric', 'Spagna', 'difensore', 32, 11),
(190, 'Oliver', 'Provstgaard', 'Danimarca', 'difensore', 21, 11),
(191, 'Filipe', 'Bordon', 'Brasile', 'difensore', 19, 11),
(192, 'Nuno', 'Tavares', 'Portogallo', 'difensore', 25, 11),
(193, 'Luca', 'Pellegrini', 'Italia', 'difensore', 26, 11),
(194, 'Adam', 'Marusic', 'Montenegro', 'difensore', 32, 11),
(195, 'Elseid', 'Hysaj', 'Albania', 'difensore', 31, 11),
(196, 'Nicolò', 'Rovella', 'Italia', 'centrocampista', 23, 11),
(197, 'Reda', 'Belahyane', 'Marocco', 'centrocampista', 20, 11),
(198, 'Mattéo', 'Guendouzi', 'Francia', 'centrocampista', 26, 11),
(199, 'Matías', 'Vecino', 'Uruguay', 'centrocampista', 33, 11),
(200, 'Toma', 'Bašić', 'Croazia', 'centrocampista', 28, 11),
(201, 'Manuel', 'Lazzari', 'Italia', 'centrocampista', 31, 11),
(202, 'Fisayo', 'Dele-Bashiru', 'Nigeria', 'centrocampista', 24, 11),
(203, 'Arijon', 'Ibrahimovic', 'Germania', 'centrocampista', 19, 11),
(204, 'Cristo', 'Muñoz', 'Spagna', 'centrocampista', 20, 11),
(205, 'André', 'Anderson', 'Italia', 'centrocampista', 25, 11),
(206, 'Mattia', 'Zaccagni', 'Italia', 'attaccante', 29, 11),
(207, 'Gustav', 'Isaksen', 'Danimarca', 'attaccante', 24, 11),
(208, 'Tijjani', 'Noslin', 'Olanda', 'attaccante', 25, 11),
(209, 'Loum', 'Tchaouna', 'Francia', 'attaccante', 21, 11),
(210, 'Pedro', 'Pedro', 'Spagna', 'attaccante', 37, 11),
(211, 'Taty', 'Castellanos', 'Argentina', 'attaccante', 26, 11),
(212, 'Boulaye', 'Dia', 'Senegal', 'attaccante', 28, 11),
(213, 'Lukasz', 'Skorupski', 'Polonia', 'portiere', 34, 2),
(214, 'Federico', 'Ravaglia', 'Italia', 'portiere', 25, 2),
(215, 'Nicola', 'Bagnolini', 'Italia', 'portiere', 21, 2),
(216, 'Sam', 'Beukema', 'Olanda', 'difensore', 26, 2),
(217, 'Jhon', 'Lucumí', 'Colombia', 'difensore', 26, 2),
(218, 'Nicolò', 'Casale', 'Italia', 'difensore', 27, 2),
(219, 'Martin', 'Erlić', 'Croazia', 'difensore', 27, 2),
(220, 'Juan', 'Miranda', 'Spagna', 'difensore', 25, 2),
(221, 'Charalampos', 'Lykogiannis', 'Grecia', 'difensore', 31, 2),
(222, 'Emil', 'Holm', 'Svezia', 'centrocampista', 24, 2),
(223, 'Davide', 'Calabria', 'Italia', 'centrocampista', 28, 2),
(224, 'Lorenzo', 'De Silvestri', 'Italia', 'centrocampista', 36, 2),
(225, 'Nikola', 'Moro', 'Croazia', 'centrocampista', 27, 2),
(226, 'Oussama', 'El Azzouzi', 'Marocco', 'centrocampista', 23, 2),
(227, 'Lewis', 'Ferguson', 'Scozia', 'centrocampista', 25, 2),
(228, 'Tommaso', 'Pobega', 'Italia', 'centrocampista', 25, 2),
(229, 'Michel', 'Aebischer', 'Svizzera', 'centrocampista', 28, 2),
(230, 'Remo', 'Freuler', 'Svizzera', 'centrocampista', 33, 2),
(231, 'Andri', 'Fannar Baldursson', 'Islanda', 'centrocampista', 23, 2),
(232, 'Giovanni', 'Fabbian', 'Italia', 'centrocampista', 22, 2),
(233, 'Jens', 'Odgaard', 'Danimarca', 'attaccante', 26, 2),
(234, 'Benja', 'Domínguez', 'Argentina', 'attaccante', 21, 2),
(235, 'Nicolò', 'Cambiaghi', 'Italia', 'attaccante', 24, 2),
(236, 'Estanis', 'Pedrola', 'Spagna', 'attaccante', 21, 2),
(237, 'Dan', 'Ndoye', 'Svizzera', 'attaccante', 24, 2),
(238, 'Riccardo', 'Orsolini', 'Italia', 'attaccante', 28, 2),
(239, 'Santiago', 'Castro', 'Argentina', 'attaccante', 20, 2),
(240, 'Thijs', 'Dallinga', 'Olanda', 'attaccante', 24, 2),
(241, 'David', 'de Gea', 'Spagna', 'portiere', 34, 6),
(242, 'Tommaso', 'Martinelli', 'Italia', 'portiere', 19, 6),
(243, 'Pietro', 'Terracciano', 'Italia', 'portiere', 35, 6),
(244, 'Pietro', 'Comuzzo', 'Italia', 'difensore', 20, 6),
(245, 'Luca', 'Ranieri', 'Italia', 'difensore', 26, 6),
(246, 'Marin', 'Pongračić', 'Croazia', 'difensore', 27, 6),
(247, 'Matías', 'Moreno', 'Argentina', 'difensore', 21, 6),
(248, 'Pablo', 'Marí', 'Spagna', 'difensore', 31, 6),
(249, 'Robin', 'Gosens', 'Germania', 'difensore', 30, 6),
(250, 'Fabiano', 'Parisi', 'Italia', 'difensore', 24, 6),
(251, 'Dodô', 'Dodô', 'Brasile', 'difensore', 26, 6),
(252, 'Yacine', 'Adli', 'Francia', 'centrocampista', 24, 6),
(253, 'Rolando', 'Mandragora', 'Italia', 'centrocampista', 27, 6),
(254, 'Danilo', 'Cataldi', 'Italia', 'centrocampista', 30, 6),
(255, 'Nicolò', 'Fagioli', 'Italia', 'centrocampista', 24, 6),
(256, 'Amir', 'Richardson', 'Marocco', 'centrocampista', 23, 6),
(257, 'Michael', 'Folorunsho', 'Italia', 'centrocampista', 27, 6),
(258, 'Edoardo', 'Bove', 'Italia', 'centrocampista', 22, 6),
(259, 'Cher', 'Ndour', 'Italia', 'centrocampista', 20, 6),
(260, 'Lucas', 'Beltrán', 'Argentina', 'centrocampista', 24, 6),
(261, 'Nicolò', 'Zaniolo', 'Italia', 'centrocampista', 25, 6),
(262, 'Andrea', 'Colpani', 'Italia', 'centrocampista', 25, 6),
(263, 'Maat', 'Daniel Caprini', 'Italia', 'attaccante', 19, 6),
(264, 'Albert', 'Gudmundsson', 'Islanda', 'attaccante', 27, 6),
(265, 'Moise', 'Kean', 'Italia', 'attaccante', 25, 6),
(266, 'Vanja', 'Milinković-Savić', 'Serbia', 'portiere', 28, 18),
(267, 'Alberto', 'Paleari', 'Italia', 'portiere', 32, 18),
(268, 'Antonio', 'Donnarumma', 'Italia', 'portiere', 34, 18),
(269, 'Saúl', 'Coco', 'Guinea Equatoriale', 'difensore', 26, 18),
(270, 'Perr', 'Schuurs', 'Olanda', 'difensore', 25, 18),
(271, 'Sebastian', 'Walukiewicz', 'Polonia', 'difensore', 25, 18),
(272, 'Guillermo', 'Maripán', 'Cile', 'difensore', 31, 18),
(273, 'Adam', 'Masina', 'Marocco', 'difensore', 31, 18),
(274, 'Cristiano', 'Biraghi', 'Italia', 'difensore', 32, 18),
(275, 'Samuele', 'Ricci', 'Italia', 'centrocampista', 23, 18),
(276, 'Adrien', 'Tamèze', 'Francia', 'centrocampista', 31, 18),
(277, 'Ivan', 'Ilić', 'Serbia', 'centrocampista', 24, 18),
(278, 'Cesare', 'Casadei', 'Italia', 'centrocampista', 22, 18),
(279, 'Gvidas', 'Gineitis', 'Lituania', 'centrocampista', 21, 18),
(280, 'Emirhan', 'İlkhan', 'Turchia', 'centrocampista', 20, 18),
(281, 'Karol', 'Linetty', 'Polonia', 'centrocampista', 30, 18),
(282, 'Marcus', 'Pedersen', 'Norvegia', 'centrocampista', 24, 18),
(283, 'Ali', 'Dembélé', 'Francia', 'centrocampista', 21, 18),
(284, 'Borna', 'Sosa', 'Croazia', 'centrocampista', 27, 18),
(285, 'Valentino', 'Lazaro', 'Austria', 'centrocampista', 29, 18),
(286, 'Eljif', 'Elmas', 'Macedonia del Nord', 'centrocampista', 25, 18),
(287, 'Nikola', 'Vlašić', 'Croazia', 'centrocampista', 27, 18),
(288, 'Alieu', 'Njie', 'Svezia', 'attaccante', 19, 18),
(289, 'Yann', 'Karamoh', 'Francia', 'attaccante', 26, 18),
(290, 'Zanos', 'Savva', 'Cipro', 'attaccante', 19, 18),
(291, 'Ché', 'Adams', 'Scozia', 'attaccante', 28, 18),
(292, 'Antonio', 'Sanabria', 'Paraguay', 'attaccante', 29, 18),
(293, 'Duván', 'Zapata', 'Colombia', 'attaccante', 34, 18),
(294, 'Amine', 'Salama', 'Francia', 'attaccante', 24, 18),
(295, 'Jean', 'Butez', 'Francia', 'portiere', 29, 4),
(296, 'Pepe', 'Reina', 'Spagna', 'portiere', 42, 4),
(297, 'Mauro', 'Vigorito', 'Italia', 'portiere', 34, 4),
(298, 'Pierre', 'Bolchini', 'Italia', 'portiere', 26, 4),
(299, 'Alberto', 'Dossena', 'Italia', 'difensore', 26, 4),
(300, 'Marc Oliver', 'Kempf', 'Germania', 'difensore', 30, 4),
(301, 'Edoardo', 'Goldaniga', 'Italia', 'difensore', 31, 4),
(302, 'Fellipe', 'Jack', 'Italia', 'difensore', 19, 4),
(303, 'Álex', 'Valle', 'Spagna', 'difensore', 21, 4),
(304, 'Alberto', 'Moreno', 'Spagna', 'difensore', 32, 4),
(305, 'Ignace', 'Van der Brempt', 'Belgio', 'difensore', 23, 4),
(306, 'Mërgim', 'Vojvoda', 'Kosovo', 'difensore', 30, 4),
(307, 'Ivan', 'Smolcic', 'Croazia', 'difensore', 24, 4),
(308, 'Máximo', 'Perrone', 'Argentina', 'centrocampista', 22, 4),
(309, 'Yannik', 'Engelhardt', 'Germania', 'centrocampista', 24, 4),
(310, 'Maxence', 'Caqueret', 'Francia', 'centrocampista', 25, 4),
(311, 'Lucas', 'Da Cunha', 'Francia', 'centrocampista', 23, 4),
(312, 'Sergi', 'Roberto', 'Spagna', 'centrocampista', 33, 4),
(313, 'Matthias', 'Braunöder', 'Austria', 'centrocampista', 23, 4),
(314, 'Giuseppe', 'Mazzaglia', 'Italia', 'centrocampista', 19, 4),
(315, 'Alessio', 'Iovine', 'Italia', 'centrocampista', 34, 4),
(316, 'Nico', 'Paz', 'Argentina', 'centrocampista', 20, 4),
(317, 'Dele', 'Alli', 'Inghilterra', 'centrocampista', 29, 4),
(318, 'Naj', 'Razi', 'Irlanda', 'centrocampista', 18, 4),
(319, 'Alieu', 'Fadera', 'Gambia', 'attaccante', 23, 4),
(320, 'Assane', 'Diao', 'Senegal', 'attaccante', 19, 4),
(321, 'Jonathan', 'Ikoné', 'Francia', 'attaccante', 27, 4),
(322, 'Gabriel', 'Strefezza', 'Brasile', 'attaccante', 28, 4),
(323, 'Anastasios', 'Douvikas', 'Grecia', 'attaccante', 25, 4),
(324, 'Patrick', 'Cutrone', 'Italia', 'attaccante', 27, 4),
(325, 'Iván', 'Azón', 'Spagna', 'attaccante', 22, 4),
(326, 'Alessandro', 'Gabrielloni', 'Italia', 'attaccante', 30, 4),
(327, 'Filip', 'Stanković', 'Serbia', 'portiere', 23, 20),
(328, 'Andrei', 'Radu', 'Romania', 'portiere', 27, 20),
(329, 'Jesse', 'Joronen', 'Finlandia', 'portiere', 32, 20),
(330, 'Matteo', 'Grandi', 'Italia', 'portiere', 32, 20),
(331, 'Jay', 'Idzes', 'Indonesia', 'difensore', 24, 20),
(332, 'Joël', 'Schingtienne', 'Belgio', 'difensore', 22, 20),
(333, 'Michael', 'Svoboda', 'Austria', 'difensore', 26, 20),
(334, 'Fali', 'Candé', 'Guinea-Bissau', 'difensore', 27, 20),
(335, 'Alessandro', 'Marcandalli', 'Italia', 'difensore', 22, 20),
(336, 'Marin', 'Šverko', 'Croazia', 'difensore', 27, 20),
(337, 'Ridgeciano', 'Haps', 'Suriname', 'difensore', 31, 20),
(338, 'Franco', 'Carboni', 'Argentina', 'difensore', 22, 20),
(339, 'Richie', 'Sagrado', 'Belgio', 'difensore', 21, 20),
(340, 'Francesco', 'Zampano', 'Italia', 'difensore', 31, 20),
(341, 'Cheick', 'Condé', 'Guinea', 'centrocampista', 24, 20),
(342, 'Hans', 'Nicolussi Caviglia', 'Italia', 'centrocampista', 24, 20),
(343, 'Gianluca', 'Busio', 'Stati Uniti', 'centrocampista', 22, 20),
(344, 'Kike', 'Pérez', 'Spagna', 'centrocampista', 28, 20),
(345, 'Mikael', 'Egill Ellertsson', 'Islanda', 'centrocampista', 23, 20),
(346, 'Alfred', 'Duncan', 'Ghana', 'centrocampista', 32, 20),
(347, 'Issa', 'Doumbia', 'Italia', 'centrocampista', 21, 20),
(348, 'Domen', 'Crnigoj', 'Slovenia', 'centrocampista', 29, 20),
(349, 'Bjarki', 'Bjarkason', 'Islanda', 'centrocampista', 24, 20),
(350, 'Gaetano', 'Oristanio', 'Italia', 'centrocampista', 22, 20),
(351, 'John', 'Yeboah', 'Ecuador', 'centrocampista', 24, 20),
(352, 'Saad', 'El Haddad', 'Marocco', 'centrocampista', 19, 20),
(353, 'Alessio', 'Zerbin', 'Italia', 'attaccante', 26, 20),
(354, 'Daniel', 'Fila', 'Repubblica Ceca', 'attaccante', 22, 20),
(355, 'Christian', 'Gytkjær', 'Danimarca', 'attaccante', 35, 20),
(356, 'Mirko', 'Marić', 'Croazia', 'attaccante', 29, 20),
(391, 'Wladimiro', 'Falcone', 'Italia', 'portiere', 30, 12),
(392, 'Christian', 'Früchtl', 'Germania', 'portiere', 25, 12),
(393, 'Jasper', 'Samooja', 'Finlandia', 'portiere', 21, 12),
(394, 'Federico', 'Baschirotto', 'Italia', 'difensore', 28, 12),
(395, 'Kialonda', 'Gaspar', 'Angola', 'difensore', 27, 12),
(396, 'Gaby', 'Jean', 'Francia', 'difensore', 25, 12),
(397, 'Tiago', 'Gabriel', 'Portogallo', 'difensore', 20, 12),
(398, 'Sebastian', 'Esposito', 'Australia', 'difensore', 20, 12),
(399, 'Elijah', 'Scott', 'Germania', 'difensore', 19, 12),
(400, 'Antonino', 'Gallo', 'Italia', 'difensore', 25, 12),
(401, 'Marco', 'Sala', 'Italia', 'difensore', 25, 12),
(402, 'Vernon', 'Addo', 'Olanda', 'difensore', 19, 12),
(403, 'Frédéric', 'Guilbert', 'Francia', 'difensore', 30, 12),
(404, 'Danilo', 'Veiga', 'Portogallo', 'difensore', 22, 12),
(405, 'Ylber', 'Ramadani', 'Albania', 'centrocampista', 29, 12),
(406, 'Balthazar', 'Pierret', 'Francia', 'centrocampista', 24, 12),
(407, 'Thórir', 'Jóhann Helgason', 'Islanda', 'centrocampista', 24, 12),
(408, 'Lassana', 'Coulibaly', 'Mali', 'centrocampista', 29, 12),
(409, 'Mohamed', 'Kaba', 'Francia', 'centrocampista', 23, 12),
(410, 'Hamza', 'Rafia', 'Tunisia', 'centrocampista', 26, 12),
(411, 'Medon', 'Berisha', 'Albania', 'centrocampista', 21, 12),
(412, 'Joan', 'González', 'Spagna', 'centrocampista', 23, 12),
(413, 'Filip', 'Marchwinski', 'Polonia', 'centrocampista', 23, 12),
(414, 'Lameck', 'Banda', 'Zambia', 'centrocampista', 24, 12),
(415, 'Jesper', 'Karlsson', 'Svezia', 'centrocampista', 26, 12),
(416, 'Tete', 'Morente', 'Spagna', 'centrocampista', 28, 12),
(417, 'Ante', 'Rebić', 'Croazia', 'centrocampista', 31, 12),
(418, 'Nicola', 'Sansone', 'Italia', 'centrocampista', 33, 12),
(419, 'Santiago', 'Pierotti', 'Argentina', 'centrocampista', 24, 12),
(420, 'Konan', 'N’Dri', 'Costa d\'Avorio', 'centrocampista', 24, 12),
(421, 'Jeppe', 'Corfitzen', 'Danimarca', 'centrocampista', 20, 12),
(422, 'Nikola', 'Krstović', 'Montenegro', 'attaccante', 25, 12),
(423, 'Rareș', 'Burnete', 'Romania', 'attaccante', 21, 12),
(424, 'Joel', 'Voelkerling Persson', 'Svezia', 'attaccante', 22, 12),
(425, 'Elia', 'Caprile', 'Italia', 'portiere', 23, 3),
(426, 'Alen', 'Sherri', 'Albania', 'portiere', 27, 3),
(427, 'Giuseppe', 'Ciocci', 'Italia', 'portiere', 23, 3),
(428, 'Sebastiano', 'Luperto', 'Italia', 'difensore', 28, 3),
(429, 'Yerry', 'Mina', 'Colombia', 'difensore', 30, 3),
(430, 'Adam', 'Obert', 'Slovacchia', 'difensore', 22, 3),
(431, 'José Luis', 'Palomino', 'Argentina', 'difensore', 35, 3),
(432, 'Tommaso', 'Augello', 'Italia', 'difensore', 30, 3),
(433, 'Gabriele', 'Zappa', 'Italia', 'difensore', 25, 3),
(434, 'Matteo', 'Prati', 'Italia', 'centrocampista', 21, 3),
(435, 'Antoine', 'Makoumbou', 'Congo', 'centrocampista', 26, 3),
(436, 'Răzvan', 'Marin', 'Romania', 'centrocampista', 28, 3),
(437, 'Michel', 'Adopo', 'Francia', 'centrocampista', 24, 3),
(438, 'Alessandro', 'Deiola', 'Italia', 'centrocampista', 29, 3),
(439, 'Nadir', 'Zortea', 'Italia', 'centrocampista', 25, 3),
(440, 'Jakub', 'Jankto', 'Repubblica Ceca', 'centrocampista', 29, 3),
(441, 'Gianluca', 'Gaetano', 'Italia', 'centrocampista', 25, 3),
(442, 'Nicolas', 'Viola', 'Italia', 'centrocampista', 35, 3),
(443, 'Florinel', 'Coman', 'Romania', 'centrocampista', 27, 3),
(444, 'Mattia', 'Felici', 'Italia', 'centrocampista', 24, 3),
(445, 'Roberto', 'Piccoli', 'Italia', 'attaccante', 24, 3),
(446, 'Zito', 'Luvumbo', 'Angola', 'attaccante', 23, 3),
(447, 'Kingstone', 'Mutandwa', 'Zambia', 'attaccante', 22, 3),
(448, 'Leonardo', 'Pavoletti', 'Italia', 'attaccante', 36, 3),
(449, 'Stefano', 'Turati', 'Italia', 'portiere', 23, 14),
(450, 'Semuel', 'Pizzignacco', 'Italia', 'portiere', 23, 14),
(451, 'Andrea', 'Mazza', 'Italia', 'portiere', 21, 14),
(452, 'Tomás', 'Palacios', 'Argentina', 'difensore', 22, 14),
(453, 'Andrea', 'Carboni', 'Italia', 'difensore', 24, 14),
(454, 'Armando', 'Izzo', 'Italia', 'difensore', 33, 14),
(455, 'Stefan', 'Leković', 'Serbia', 'difensore', 21, 14),
(456, 'Luca', 'Caldirola', 'Italia', 'difensore', 34, 14),
(457, 'Danilo', 'D’Ambrosio', 'Italia', 'difensore', 36, 14),
(458, 'Arvid', 'Brorsson', 'Svezia', 'difensore', 25, 14),
(459, 'Samuele', 'Birindelli', 'Italia', 'difensore', 25, 14),
(460, 'Pedro', 'Pereira', 'Portogallo', 'difensore', 27, 14),
(461, 'Leonardo', 'Colombo', 'Italia', 'centrocampista', 19, 14),
(462, 'Matteo', 'Pessina', 'Italia', 'centrocampista', 28, 14),
(463, 'Kacper', 'Urbanski', 'Polonia', 'centrocampista', 20, 14),
(464, 'Alessandro', 'Bianco', 'Italia', 'centrocampista', 22, 14),
(465, 'Gaetano', 'Castrovilli', 'Italia', 'centrocampista', 28, 14),
(466, 'Kevin', 'Zeroli', 'Italia', 'centrocampista', 20, 14),
(467, 'Roberto', 'Gagliardini', 'Italia', 'centrocampista', 31, 14),
(468, 'Stefano', 'Sensi', 'Italia', 'centrocampista', 29, 14),
(469, 'Jean-Daniel', 'Akpa Akpro', 'Costa d\'Avorio', 'centrocampista', 32, 14),
(470, 'Patrick', 'Ciurria', 'Italia', 'centrocampista', 30, 14),
(471, 'Georgios', 'Kyriakopoulos', 'Grecia', 'centrocampista', 29, 14),
(472, 'Samuele', 'Vignato', 'Italia', 'centrocampista', 21, 14),
(473, 'Keita', 'Baldé', 'Senegal', 'centrocampista', 30, 14),
(474, 'Omari', 'Forson', 'Inghilterra', 'centrocampista', 20, 14),
(475, 'Kevin', 'Martins', 'Italia', 'centrocampista', 20, 14),
(476, 'Dany', 'Mota', 'Portogallo', 'attaccante', 27, 14),
(477, 'Gianluca', 'Caprari', 'Italia', 'attaccante', 31, 14),
(478, 'Silvere', 'Ganvoula', 'Congo', 'attaccante', 28, 14),
(479, 'Andrea', 'Petagna', 'Italia', 'attaccante', 29, 14),
(511, 'Lorenzo', 'Montipò', 'Italia', 'portiere', 29, 8),
(512, 'Federico', 'Magro', 'Italia', 'portiere', 20, 8),
(513, 'Simone', 'Perilli', 'Italia', 'portiere', 30, 8),
(514, 'Alessandro', 'Berardi', 'Italia', 'portiere', 34, 8),
(515, 'Diego', 'Coppola', 'Italia', 'difensore', 21, 8),
(516, 'Nicolás', 'Valentini', 'Argentina', 'difensore', 24, 8),
(517, 'Flavius', 'Daniliuc', 'Austria', 'difensore', 24, 8),
(518, 'Daniele', 'Ghilardi', 'Italia', 'difensore', 22, 8),
(519, 'Paweł', 'Dawidowicz', 'Polonia', 'difensore', 29, 8),
(520, 'Tobias', 'Slotsager', 'Danimarca', 'difensore', 19, 8),
(521, 'Luan', 'Patrick', 'Brasile', 'difensore', 23, 8),
(522, 'Yllan', 'Okou', 'Francia', 'difensore', 22, 8),
(523, 'Domagoj', 'Bradarić', 'Croazia', 'difensore', 25, 8),
(524, 'Martin', 'Frese', 'Danimarca', 'difensore', 27, 8),
(525, 'Jackson', 'Tchatchoua', 'Camerun', 'difensore', 23, 8),
(526, 'Davide', 'Faraoni', 'Italia', 'difensore', 33, 8),
(527, 'Daniel', 'Oyegoke', 'Inghilterra', 'difensore', 22, 8),
(528, 'Cheikh', 'Niasse', 'Senegal', 'centrocampista', 25, 8),
(529, 'Suat', 'Serdar', 'Germania', 'centrocampista', 28, 8),
(530, 'Ondrej', 'Duda', 'Slovacchia', 'centrocampista', 30, 8),
(531, 'Antoine', 'Bernede', 'Francia', 'centrocampista', 25, 8),
(532, 'Abdou', 'Harroui', 'Marocco', 'centrocampista', 27, 8),
(533, 'Darko', 'Lazović', 'Serbia', 'centrocampista', 34, 8),
(534, 'Tomas', 'Suslov', 'Slovacchia', 'centrocampista', 22, 8),
(535, 'Grigoris', 'Kastanos', 'Cipro', 'centrocampista', 27, 8),
(536, 'Alphadjo', 'Cissè', 'Italia', 'centrocampista', 18, 8),
(537, 'Casper', 'Tengstedt', 'Danimarca', 'attaccante', 24, 8),
(538, 'Amin', 'Sarr', 'Svezia', 'attaccante', 24, 8),
(539, 'Daniel', 'Mosquera', 'Colombia', 'attaccante', 25, 8),
(540, 'Dailon', 'Rocha Livramento', 'Capo Verde', 'attaccante', 24, 8),
(541, 'Mathis', 'Lambourde', 'Francia', 'attaccante', 19, 8),
(542, 'Junior', 'Ajayi', 'Costa d\'Avorio', 'attaccante', 20, 8),
(543, 'Devis', 'Vásquez', 'Colombia', 'portiere', 26, 5),
(544, 'Jacopo', 'Seghetti', 'Italia', 'portiere', 20, 5),
(545, 'Marco', 'Silvestri', 'Italia', 'portiere', 34, 5),
(546, 'Federico', 'Brancolini', 'Italia', 'portiere', 23, 5),
(547, 'Saba', 'Goglichidze', 'Georgia', 'difensore', 20, 5),
(548, 'Mattia', 'Viti', 'Italia', 'difensore', 23, 5),
(549, 'Ardian', 'Ismajli', 'Albania', 'difensore', 28, 5),
(550, 'Luca', 'Marianucci', 'Italia', 'difensore', 20, 5),
(551, 'Saba', 'Sazonov', 'Georgia', 'difensore', 23, 5),
(552, 'Liberato', 'Cacace', 'Nuova Zelanda', 'difensore', 24, 5),
(553, 'Giuseppe', 'Pezzella', 'Italia', 'difensore', 27, 5),
(554, 'Tyronne', 'Ebuehi', 'Nigeria', 'difensore', 29, 5),
(555, 'Junior', 'Sambia', 'Francia', 'difensore', 28, 5),
(556, 'Mattia', 'De Sciglio', 'Italia', 'difensore', 32, 5),
(557, 'Alberto', 'Grassi', 'Italia', 'centrocampista', 30, 5),
(558, 'Jacopo', 'Fazzini', 'Italia', 'centrocampista', 22, 5),
(559, 'Youssef', 'Maleh', 'Marocco', 'centrocampista', 26, 5),
(560, 'Szymon', 'Żurkowski', 'Polonia', 'centrocampista', 27, 5),
(561, 'Liam', 'Henderson', 'Scozia', 'centrocampista', 29, 5),
(562, 'Nicolas', 'Haas', 'Svizzera', 'centrocampista', 29, 5),
(563, 'Emmanuel', 'Gyasi', 'Ghana', 'centrocampista', 31, 5),
(564, 'Tino', 'Anjorin', 'Inghilterra', 'centrocampista', 23, 5),
(565, 'Viktor', 'Kovalenko', 'Ucraina', 'centrocampista', 29, 5),
(566, 'Ola', 'Solbakken', 'Norvegia', 'centrocampista', 26, 5),
(567, 'Sebastiano', 'Esposito', 'Italia', 'attaccante', 22, 5),
(568, 'Christian', 'Kouamé', 'Costa d\'Avorio', 'attaccante', 27, 5),
(569, 'Lorenzo', 'Colombo', 'Italia', 'attaccante', 23, 5),
(570, 'Pietro', 'Pellegri', 'Italia', 'attaccante', 24, 5),
(571, 'Zion', 'Suzuki', 'Giappone', 'portiere', 22, 16),
(572, 'Edoardo', 'Corvi', 'Italia', 'portiere', 24, 16),
(573, 'Richard', 'Marcone', 'Italia', 'portiere', 32, 16),
(574, 'Alessandro', 'Circati', 'Australia', 'difensore', 21, 16),
(575, 'Giovanni', 'Leoni', 'Italia', 'difensore', 18, 16),
(576, 'Botond', 'Balogh', 'Ungheria', 'difensore', 22, 16),
(577, 'Alessandro', 'Vogliacco', 'Italia', 'difensore', 26, 16),
(578, 'Yordan', 'Osorio', 'Venezuela', 'difensore', 30, 16),
(579, 'Lautaro', 'Valenti', 'Argentina', 'difensore', 26, 16),
(580, 'Mathias', 'Løvik', 'Norvegia', 'difensore', 21, 16),
(581, 'Emanuele', 'Valeri', 'Italia', 'difensore', 26, 16),
(582, 'Enrico', 'Delprato', 'Italia', 'difensore', 25, 16),
(583, 'Antoine', 'Hainaut', 'Francia', 'difensore', 23, 16),
(584, 'Mandela', 'Keita', 'Belgio', 'centrocampista', 22, 16),
(585, 'Nahuel', 'Estévez', 'Argentina', 'centrocampista', 29, 16),
(586, 'Adrián', 'Bernabé', 'Spagna', 'centrocampista', 23, 16),
(587, 'Simon', 'Sohm', 'Svizzera', 'centrocampista', 24, 16),
(588, 'Hernani', 'Hernani', 'Brasile', 'centrocampista', 31, 16),
(589, 'Drissa', 'Camara', 'Costa d\'Avorio', 'centrocampista', 23, 16),
(590, 'Jacob', 'Ondrejka', 'Svezia', 'centrocampista', 22, 16),
(591, 'Adrian', 'Benedyczak', 'Polonia', 'centrocampista', 24, 16),
(592, 'Valentin', 'Mihăilă', 'Romania', 'centrocampista', 25, 16),
(593, 'Dennis', 'Man', 'Romania', 'centrocampista', 26, 16),
(594, 'Matteo', 'Cancellieri', 'Italia', 'centrocampista', 23, 16),
(595, 'Pontus', 'Almqvist', 'Svezia', 'centrocampista', 25, 16),
(596, 'Anas', 'Haj Mohamed', 'Tunisia', 'centrocampista', 20, 16),
(597, 'Mateusz', 'Kowalski', 'Polonia', 'attaccante', 19, 16),
(598, 'Ange-Yoan', 'Bonny', 'Francia', 'attaccante', 21, 16),
(599, 'Mateo', 'Pellegrino', 'Argentina', 'attaccante', 23, 16),
(600, 'Gabriel', 'Charpentier', 'Congo', 'attaccante', 25, 16),
(601, 'Milan', 'Djuric', 'Bosnia-Erzegovina', 'attaccante', 34, 16),
(633, 'Nicola', 'Leali', 'Italia', 'portiere', 32, 7),
(634, 'Benjamin', 'Siegrist', 'Svizzera', 'portiere', 33, 7),
(635, 'Daniele', 'Sommariva', 'Italia', 'portiere', 27, 7),
(636, 'Koni', 'De Winter', 'Belgio', 'difensore', 22, 7),
(637, 'Johan', 'Vásquez', 'Messico', 'difensore', 26, 7),
(638, 'Alan', 'Matturro', 'Uruguay', 'difensore', 20, 7),
(639, 'Mattia', 'Bani', 'Italia', 'difensore', 31, 7),
(640, 'Sebastian', 'Otoa', 'Danimarca', 'difensore', 20, 7),
(641, 'Aarón', 'Martín', 'Spagna', 'difensore', 28, 7),
(642, 'Honest', 'Ahanor', 'Italia', 'difensore', 17, 7),
(643, 'Alessandro', 'Zanoli', 'Italia', 'difensore', 24, 7),
(644, 'Brooke', 'Norton-Cuffy', 'Inghilterra', 'difensore', 21, 7),
(645, 'Stefano', 'Sabelli', 'Italia', 'difensore', 32, 7),
(646, 'Jean', 'Onana', 'Camerun', 'centrocampista', 25, 7),
(647, 'Lior', 'Kassa', 'Israele', 'centrocampista', 19, 7),
(648, 'Milan', 'Badelj', 'Croazia', 'centrocampista', 36, 7),
(649, 'Morten', 'Frendrup', 'Danimarca', 'centrocampista', 24, 7),
(650, 'Fabio', 'Miretti', 'Italia', 'centrocampista', 21, 7),
(651, 'Patrizio', 'Masini', 'Italia', 'centrocampista', 24, 7),
(652, 'Morten', 'Thorsby', 'Norvegia', 'centrocampista', 29, 7),
(653, 'Ruslan', 'Malinovskyi', 'Ucraina', 'centrocampista', 32, 7),
(654, 'Hugo', 'Cuenca', 'Paraguay', 'centrocampista', 20, 7),
(655, 'Maxwel', 'Cornet', 'Costa d\'Avorio', 'centrocampista', 28, 7),
(656, 'Junior', 'Messias', 'Brasile', 'centrocampista', 33, 7),
(657, 'Andrea', 'Pinamonti', 'Italia', 'attaccante', 25, 7),
(658, 'Vitinha', 'Vitinha', 'Portogallo', 'attaccante', 25, 7),
(659, 'Jeff', 'Ekhator', 'Italia', 'attaccante', 18, 7),
(660, 'Caleb', 'Ekuban', 'Ghana', 'attaccante', 31, 7),
(661, 'Mario', 'Balotelli', 'Italia', 'attaccante', 34, 7),
(662, 'Maduka', 'Okoye', 'Nigeria', 'portiere', 25, 19),
(663, 'Răzvan', 'Sava', 'Romania', 'portiere', 22, 19),
(664, 'Daniele', 'Padelli', 'Italia', 'portiere', 39, 19),
(665, 'Edoardo', 'Piana', 'Italia', 'portiere', 21, 19),
(666, 'Jaka', 'Bijol', 'Slovenia', 'difensore', 26, 19),
(667, 'Oumar', 'Solet', 'Francia', 'difensore', 25, 19),
(668, 'Isaak', 'Touré', 'Francia', 'difensore', 22, 19),
(669, 'Thomas', 'Kristensen', 'Danimarca', 'difensore', 23, 19),
(670, 'Lautaro', 'Giannetti', 'Argentina', 'difensore', 31, 19),
(671, 'Matteo', 'Palma', 'Germania', 'difensore', 17, 19),
(672, 'Christian', 'Kabasele', 'Belgio', 'difensore', 34, 19),
(673, 'Jordan', 'Zemura', 'Zimbabwe', 'difensore', 25, 19),
(674, 'Hassane', 'Kamara', 'Costa d\'Avorio', 'difensore', 31, 19),
(675, 'Kingsley', 'Ehizibue', 'Olanda', 'difensore', 29, 19),
(676, 'Jesper', 'Karlström', 'Svezia', 'centrocampista', 29, 19),
(677, 'Sandi', 'Lovrić', 'Slovenia', 'centrocampista', 27, 19),
(678, 'Jurgen', 'Ekkelenkamp', 'Olanda', 'centrocampista', 25, 19),
(679, 'Martín', 'Payero', 'Argentina', 'centrocampista', 26, 19),
(680, 'Arthur', 'Atta', 'Francia', 'centrocampista', 22, 19),
(681, 'Oier', 'Zarraga', 'Spagna', 'centrocampista', 26, 19),
(682, 'Rui', 'Modesto', 'Angola', 'centrocampista', 25, 19),
(683, 'Simone', 'Pafundi', 'Italia', 'centrocampista', 19, 19),
(684, 'David', 'Pejičić', 'Slovenia', 'centrocampista', 17, 19),
(685, 'Florian', 'Thauvin', 'Francia', 'attaccante', 32, 19),
(686, 'Lorenzo', 'Lucca', 'Italia', 'attaccante', 24, 19),
(687, 'Brenner', 'Brenner', 'Brasile', 'attaccante', 25, 19),
(688, 'Keinan', 'Davis', 'Inghilterra', 'attaccante', 27, 19),
(689, 'Damián', 'Pizarro', 'Cile', 'attaccante', 20, 19),
(690, 'Iker', 'Bravo', 'Spagna', 'attaccante', 20, 19),
(691, 'Alexis', 'Sánchez', 'Cile', 'attaccante', 36, 19);

-- --------------------------------------------------------

--
-- Struttura della tabella `partita`
--

CREATE TABLE `partita` (
  `id` int(3) NOT NULL,
  `giornata` int(3) NOT NULL,
  `golTrasferta` int(2) DEFAULT NULL,
  `golCasa` int(2) DEFAULT NULL,
  `id_squadra_casa` int(3) NOT NULL,
  `id_squadra_trasferta` int(3) NOT NULL
) ENGINE=InnoDB DEFAULT CHARSET=utf8mb4 COLLATE=utf8mb4_general_ci;

--
-- Dump dei dati per la tabella `partita`
--

INSERT INTO `partita` (`id`, `giornata`, `golTrasferta`, `golCasa`, `id_squadra_casa`, `id_squadra_trasferta`) VALUES
(1, 1, 2, 2, 7, 9),
(2, 1, 1, 1, 16, 6),
(3, 1, 0, 0, 5, 14),
(4, 1, 2, 2, 13, 18),
(5, 1, 1, 1, 2, 19),
(6, 1, 0, 3, 8, 15),
(7, 1, 0, 0, 3, 17),
(8, 1, 1, 3, 11, 20),
(9, 1, 4, 0, 12, 1),
(10, 1, 0, 3, 10, 4),
(11, 2, 1, 2, 16, 13),
(12, 2, 1, 2, 19, 11),
(13, 2, 0, 2, 9, 12),
(14, 2, 1, 0, 14, 7),
(15, 2, 1, 2, 18, 1),
(16, 2, 0, 0, 6, 20),
(17, 2, 0, 3, 15, 2),
(18, 2, 2, 1, 17, 5),
(19, 2, 1, 1, 3, 4),
(20, 2, 3, 0, 8, 10),
(21, 3, 1, 0, 20, 18),
(22, 3, 0, 4, 9, 1),
(23, 3, 1, 1, 2, 5),
(24, 3, 0, 1, 12, 3),
(25, 3, 2, 2, 11, 13),
(26, 3, 1, 2, 15, 16),
(27, 3, 2, 2, 6, 14),
(28, 3, 2, 0, 7, 8),
(29, 3, 0, 0, 10, 17),
(30, 3, 0, 1, 19, 4),
(31, 4, 2, 2, 4, 2),
(32, 4, 0, 0, 5, 10),
(33, 4, 0, 4, 13, 20),
(34, 4, 1, 1, 7, 17),
(35, 4, 2, 3, 1, 6),
(36, 4, 0, 0, 18, 12),
(37, 4, 4, 0, 3, 15),
(38, 4, 1, 1, 14, 9),
(39, 4, 3, 2, 16, 19),
(40, 4, 1, 2, 11, 8),
(41, 5, 2, 0, 3, 5),
(42, 5, 3, 2, 8, 18),
(43, 5, 0, 2, 20, 7),
(44, 5, 0, 0, 10, 15),
(45, 5, 2, 2, 12, 16),
(46, 5, 1, 2, 6, 11),
(47, 5, 2, 1, 14, 2),
(48, 5, 0, 3, 17, 19),
(49, 5, 2, 1, 9, 13),
(50, 5, 3, 2, 1, 4),
(51, 6, 0, 3, 13, 12),
(52, 6, 3, 2, 19, 9),
(53, 6, 3, 0, 7, 10),
(54, 6, 1, 1, 2, 1),
(55, 6, 3, 2, 18, 11),
(56, 6, 1, 2, 17, 20),
(57, 6, 2, 3, 4, 8),
(58, 6, 0, 0, 5, 6),
(59, 6, 0, 2, 15, 14),
(60, 6, 3, 2, 16, 3),
(61, 7, 1, 3, 15, 4),
(62, 7, 1, 2, 8, 20),
(63, 7, 0, 1, 19, 12),
(64, 7, 1, 5, 1, 7),
(65, 7, 2, 3, 9, 18),
(66, 7, 1, 1, 10, 3),
(67, 7, 0, 0, 2, 16),
(68, 7, 1, 2, 11, 5),
(69, 7, 1, 1, 14, 17),
(70, 7, 1, 2, 6, 13),
(71, 8, 1, 1, 4, 16),
(72, 8, 2, 2, 7, 2),
(73, 8, 0, 1, 13, 19),
(74, 8, 0, 1, 10, 11),
(75, 8, 1, 0, 5, 15),
(76, 8, 6, 0, 12, 6),
(77, 8, 2, 0, 20, 1),
(78, 8, 2, 3, 3, 18),
(79, 8, 1, 0, 17, 9),
(80, 8, 3, 0, 8, 14),
(91, 9, 0, 2, 19, 3),
(92, 9, 0, 1, 18, 4),
(93, 9, 0, 1, 15, 12),
(94, 9, 1, 6, 1, 8),
(95, 9, 1, 1, 16, 5),
(96, 9, 0, 3, 11, 7),
(97, 9, 2, 2, 14, 20),
(98, 9, 4, 4, 9, 10),
(99, 9, 1, 5, 6, 17),
(100, 9, 1, 2, 2, 13),
(101, 10, 2, 0, 3, 2),
(102, 10, 0, 1, 12, 8),
(103, 10, 2, 0, 13, 15),
(104, 10, 3, 0, 5, 9),
(105, 10, 2, 3, 20, 19),
(106, 10, 0, 2, 1, 14),
(107, 10, 2, 2, 10, 16),
(108, 10, 1, 0, 7, 6),
(109, 10, 5, 1, 4, 11),
(110, 10, 0, 1, 17, 18),
(111, 11, 0, 1, 2, 12),
(112, 11, 2, 0, 19, 10),
(113, 11, 1, 0, 14, 13),
(114, 11, 3, 0, 15, 1),
(115, 11, 1, 0, 18, 6),
(116, 11, 2, 3, 8, 17),
(117, 11, 0, 1, 9, 20),
(118, 11, 0, 1, 5, 4),
(119, 11, 1, 0, 16, 7),
(120, 11, 1, 2, 11, 3),
(121, 12, 1, 1, 7, 4),
(122, 12, 1, 1, 12, 5),
(123, 12, 2, 1, 20, 16),
(124, 12, 3, 3, 3, 13),
(125, 12, 0, 2, 10, 18),
(126, 12, 1, 2, 1, 19),
(127, 12, 1, 3, 6, 8),
(128, 12, 3, 2, 17, 2),
(129, 12, 1, 0, 14, 11),
(130, 12, 1, 1, 9, 15),
(131, 13, 5, 0, 8, 9),
(132, 13, 0, 0, 13, 10),
(133, 13, 3, 1, 16, 1),
(134, 13, 2, 2, 7, 3),
(135, 13, 2, 0, 4, 6),
(136, 13, 1, 1, 18, 14),
(137, 13, 0, 1, 15, 17),
(138, 13, 0, 3, 11, 2),
(139, 13, 1, 1, 5, 19),
(140, 13, 1, 0, 20, 12),
(141, 14, 0, 1, 3, 8),
(142, 14, 1, 1, 4, 14),
(143, 14, 0, 3, 13, 5),
(144, 14, 0, 3, 2, 20),
(145, 14, 2, 0, 19, 7),
(146, 14, 1, 3, 16, 11),
(147, 14, 1, 0, 18, 15),
(148, 14, 1, 1, 12, 10),
(149, 14, 2, 0, 17, 1),
(150, 14, 0, 3, 6, 9),
(151, 15, 1, 3, 9, 16),
(152, 15, 1, 2, 1, 13),
(153, 15, 0, 0, 7, 18),
(154, 15, 2, 2, 10, 2),
(155, 15, 1, 4, 17, 12),
(156, 15, 0, 1, 6, 3),
(157, 15, 4, 1, 8, 5),
(158, 15, 2, 2, 20, 4),
(159, 15, 1, 0, 15, 11),
(160, 15, 2, 1, 14, 19),
(161, 16, 1, 0, 5, 18),
(162, 16, 1, 0, 3, 1),
(163, 16, 3, 1, 19, 15),
(164, 16, 2, 2, 10, 20),
(165, 16, 1, 2, 12, 14),
(166, 16, 0, 1, 2, 6),
(167, 16, 3, 2, 16, 8),
(168, 16, 0, 2, 4, 17),
(169, 16, 0, 0, 13, 7),
(170, 16, 6, 0, 11, 9),
(171, 18, 3, 0, 3, 9),
(172, 18, 1, 1, 11, 1),
(173, 18, 2, 2, 19, 18),
(174, 18, 0, 1, 15, 20),
(175, 18, 2, 2, 10, 6),
(176, 18, 1, 1, 13, 17),
(177, 18, 0, 2, 4, 12),
(178, 18, 3, 2, 2, 8),
(179, 18, 2, 1, 5, 7),
(180, 17, 1, 0, 8, 13),
(181, 17, 2, 0, 18, 2),
(182, 17, 2, 1, 7, 15),
(183, 17, 2, 1, 12, 11),
(184, 17, 0, 5, 17, 16),
(185, 17, 1, 2, 20, 3),
(186, 17, 2, 3, 1, 5),
(187, 17, 2, 1, 14, 10),
(188, 17, 2, 1, 6, 19),
(189, 17, 0, 2, 9, 4),
(190, 19, 1, 1, 20, 5),
(191, 19, 3, 0, 6, 15),
(192, 19, 0, 0, 8, 19),
(193, 19, 2, 1, 14, 3),
(194, 19, 0, 0, 12, 7),
(195, 19, 0, 0, 18, 16),
(196, 19, 0, 2, 17, 11),
(197, 19, 2, 1, 4, 13),
(198, 19, 1, 1, 1, 10),
(199, 19, 2, 2, 9, 2),
(200, 20, 1, 1, 11, 4),
(201, 20, 3, 1, 5, 12),
(202, 20, 0, 0, 19, 1),
(203, 20, 1, 1, 18, 10),
(204, 20, 1, 1, 13, 3),
(205, 20, 0, 1, 7, 16),
(206, 20, 1, 0, 20, 9),
(207, 20, 2, 2, 2, 17),
(208, 20, 0, 2, 15, 8),
(209, 20, 1, 2, 14, 6),
(210, 21, 1, 3, 17, 7),
(211, 21, 1, 3, 2, 14),
(212, 21, 0, 2, 10, 13),
(213, 21, 3, 2, 1, 15),
(214, 21, 1, 1, 6, 18),
(215, 21, 1, 4, 3, 12),
(216, 21, 1, 1, 16, 20),
(217, 21, 3, 0, 8, 11),
(218, 21, 1, 3, 9, 5),
(219, 21, 1, 4, 4, 19),
(220, 22, 0, 2, 18, 3),
(221, 22, 2, 1, 4, 1),
(222, 22, 1, 2, 15, 10),
(223, 22, 1, 1, 5, 2),
(224, 22, 2, 3, 13, 16),
(225, 22, 2, 1, 19, 17),
(226, 22, 4, 0, 12, 9),
(227, 22, 2, 1, 11, 6),
(228, 22, 1, 1, 20, 8),
(229, 22, 0, 2, 7, 14),
(230, 23, 3, 1, 16, 12),
(231, 23, 2, 3, 19, 20),
(232, 23, 1, 0, 14, 8),
(233, 23, 1, 1, 1, 18),
(234, 23, 0, 2, 2, 4),
(235, 23, 1, 4, 10, 5),
(236, 23, 1, 2, 6, 7),
(237, 23, 1, 1, 13, 9),
(238, 23, 1, 1, 17, 15),
(239, 23, 2, 1, 3, 11),
(240, 24, 2, 1, 4, 10),
(241, 24, 5, 0, 8, 1),
(242, 24, 2, 0, 5, 13),
(243, 24, 1, 1, 18, 7),
(244, 24, 1, 0, 20, 17),
(245, 24, 1, 2, 3, 16),
(246, 24, 1, 5, 11, 14),
(247, 24, 0, 0, 12, 2),
(248, 24, 1, 1, 15, 19),
(249, 24, 1, 2, 9, 6),
(250, 25, 2, 3, 2, 18),
(251, 25, 0, 0, 1, 3),
(252, 25, 2, 2, 11, 15),
(253, 25, 0, 1, 13, 8),
(254, 25, 2, 0, 6, 4),
(255, 25, 0, 0, 14, 12),
(256, 25, 0, 3, 19, 5),
(257, 25, 1, 0, 16, 17),
(258, 25, 0, 1, 10, 9),
(259, 25, 0, 2, 7, 20),
(260, 26, 1, 0, 12, 19),
(261, 26, 0, 2, 16, 2),
(262, 26, 0, 0, 20, 11),
(263, 26, 1, 2, 18, 13),
(264, 26, 0, 1, 9, 7),
(265, 26, 1, 2, 4, 15),
(266, 26, 0, 1, 8, 6),
(267, 26, 5, 0, 5, 1),
(268, 26, 1, 0, 3, 10),
(269, 26, 0, 4, 17, 14),
(270, 27, 0, 1, 6, 12),
(271, 27, 0, 0, 1, 20),
(272, 27, 1, 1, 15, 9),
(273, 27, 0, 1, 19, 16),
(274, 27, 2, 0, 14, 18),
(275, 27, 1, 2, 2, 3),
(276, 27, 1, 1, 7, 5),
(277, 27, 1, 2, 17, 4),
(278, 27, 2, 1, 13, 11),
(279, 27, 0, 2, 10, 8),
(280, 28, 1, 1, 3, 7),
(281, 28, 1, 1, 4, 20),
(282, 28, 2, 2, 16, 18),
(283, 28, 3, 2, 12, 13),
(284, 28, 2, 3, 9, 14),
(285, 28, 2, 1, 8, 2),
(286, 28, 1, 2, 15, 6),
(287, 28, 1, 0, 5, 17),
(288, 28, 4, 0, 10, 1),
(289, 28, 1, 1, 11, 19),
(290, 29, 1, 2, 7, 12),
(291, 29, 1, 1, 14, 16),
(292, 29, 1, 0, 19, 8),
(293, 29, 1, 2, 13, 4),
(294, 29, 0, 1, 18, 5),
(295, 29, 0, 0, 20, 15),
(296, 29, 0, 5, 2, 11),
(297, 29, 0, 1, 17, 3),
(298, 29, 0, 3, 6, 10),
(299, 29, 2, 0, 1, 9),
(300, 30, 1, 1, 4, 5),
(301, 30, 1, 0, 20, 2),
(302, 30, 0, 1, 10, 7),
(303, 30, 1, 0, 12, 17),
(304, 30, 0, 3, 3, 14),
(305, 30, 0, 1, 6, 1),
(306, 30, 1, 2, 9, 19),
(307, 30, 1, 2, 15, 13),
(308, 30, 0, 0, 8, 16),
(309, 30, 1, 1, 11, 18),
(310, 31, 0, 1, 7, 19),
(311, 31, 3, 1, 14, 4),
(312, 31, 2, 2, 16, 9),
(313, 31, 2, 2, 13, 6),
(314, 31, 1, 1, 12, 20),
(315, 31, 0, 0, 5, 3),
(316, 31, 1, 1, 18, 8),
(317, 31, 1, 0, 1, 11),
(318, 31, 1, 1, 17, 10),
(319, 31, 1, 1, 2, 15),
(320, 32, 4, 0, 19, 13),
(321, 32, 0, 1, 20, 14),
(322, 32, 1, 3, 9, 3),
(323, 32, 1, 2, 10, 12),
(324, 32, 0, 2, 1, 2),
(325, 32, 0, 0, 8, 7),
(326, 32, 0, 0, 6, 16),
(327, 32, 0, 1, 4, 18),
(328, 32, 1, 1, 11, 17),
(329, 32, 0, 3, 15, 5),
(330, 33, 3, 0, 12, 4),
(331, 33, 1, 0, 14, 15),
(332, 33, 0, 1, 17, 8),
(333, 33, 2, 2, 5, 20),
(334, 33, 0, 1, 2, 9),
(335, 33, 1, 0, 13, 1),
(336, 33, 2, 1, 3, 6),
(337, 33, 2, 0, 7, 11),
(338, 33, 0, 1, 16, 10),
(339, 33, 0, 2, 18, 19),
(340, 34, 0, 1, 4, 7),
(341, 34, 2, 0, 20, 13),
(342, 34, 1, 2, 6, 5),
(343, 34, 1, 0, 9, 17),
(344, 34, 0, 2, 10, 14),
(345, 34, 1, 1, 1, 12),
(346, 34, 0, 2, 15, 18),
(347, 34, 0, 0, 19, 2),
(348, 34, 2, 2, 11, 16),
(349, 34, 2, 0, 8, 3),
(350, 35, 1, 1, 18, 20),
(351, 35, 2, 1, 3, 19),
(352, 35, 1, 0, 16, 4),
(353, 35, 1, 0, 12, 15),
(354, 35, 0, 1, 9, 8),
(355, 35, 1, 0, 5, 11),
(356, 35, 4, 0, 14, 1),
(357, 35, 0, 1, 17, 6),
(358, 35, 1, 1, 2, 10),
(359, 35, 2, 1, 7, 13),
(360, 36, NULL, NULL, 13, 2),
(361, 36, NULL, NULL, 4, 3),
(362, 36, NULL, NULL, 11, 10),
(363, 36, NULL, NULL, 5, 16),
(364, 36, NULL, NULL, 19, 14),
(365, 36, NULL, NULL, 8, 12),
(366, 36, NULL, NULL, 18, 9),
(367, 36, NULL, NULL, 15, 7),
(368, 36, NULL, NULL, 20, 6),
(369, 36, NULL, NULL, 1, 17),
(370, 37, NULL, NULL, 3, 20),
(371, 37, NULL, NULL, 6, 2),
(372, 37, NULL, NULL, 7, 1),
(373, 37, NULL, NULL, 9, 11),
(374, 37, NULL, NULL, 10, 19),
(375, 37, NULL, NULL, 12, 18),
(376, 37, NULL, NULL, 14, 5),
(377, 37, NULL, NULL, 16, 15),
(378, 37, NULL, NULL, 17, 13),
(379, 37, NULL, NULL, 8, 4),
(380, 38, NULL, NULL, 1, 16),
(381, 38, NULL, NULL, 2, 7),
(382, 38, NULL, NULL, 4, 9),
(383, 38, NULL, NULL, 5, 8),
(384, 38, NULL, NULL, 11, 12),
(385, 38, NULL, NULL, 13, 14),
(386, 38, NULL, NULL, 15, 3),
(387, 38, NULL, NULL, 18, 17),
(388, 38, NULL, NULL, 19, 6),
(389, 38, NULL, NULL, 20, 10),
(390, 18, 1, 2, 16, 14);

-- --------------------------------------------------------

--
-- Struttura della tabella `probabilità`
--

CREATE TABLE `probabilità` (
  `id` int(3) NOT NULL,
  `percentualeVittoria` int(3) NOT NULL,
  `percentualeSconfitta` int(3) NOT NULL,
  `percentualePareggio` int(3) NOT NULL,
  `id_partita` int(11) NOT NULL
) ENGINE=InnoDB DEFAULT CHARSET=utf8mb4 COLLATE=utf8mb4_general_ci;

--
-- Dump dei dati per la tabella `probabilità`
--

INSERT INTO `probabilità` (`id`, `percentualeVittoria`, `percentualeSconfitta`, `percentualePareggio`, `id_partita`) VALUES
(56, 22, 53, 26, 372),
(57, 40, 33, 28, 378),
(58, 34, 35, 31, 371),
(59, 37, 32, 31, 370),
(60, 28, 44, 28, 379),
(61, 20, 53, 26, 376),
(62, 57, 19, 24, 373),
(63, 70, 11, 19, 374),
(64, 51, 20, 28, 375),
(65, 15, 62, 23, 377),
(66, 77, 7, 15, 386),
(67, 18, 58, 24, 382),
(68, 63, 16, 22, 381),
(69, 78, 8, 14, 385),
(70, 17, 59, 25, 387),
(71, 50, 21, 28, 383),
(72, 25, 47, 28, 388),
(73, 63, 16, 21, 380),
(74, 18, 59, 23, 389),
(75, 65, 14, 21, 384);

-- --------------------------------------------------------

--
-- Struttura della tabella `squadra`
--

CREATE TABLE `squadra` (
  `id` int(3) NOT NULL,
  `nome` varchar(20) NOT NULL,
  `città` varchar(20) NOT NULL
) ENGINE=InnoDB DEFAULT CHARSET=utf8mb4 COLLATE=utf8mb4_general_ci;

--
-- Dump dei dati per la tabella `squadra`
--

INSERT INTO `squadra` (`id`, `nome`, `città`) VALUES
(1, 'Atalanta', 'Bergamo'),
(2, 'Bologna', 'Bologna'),
(3, 'Cagliari', 'Cagliari'),
(4, 'Como', 'Como'),
(5, 'Empoli', 'Empoli'),
(6, 'Fiorentina', 'Firenze'),
(7, 'Genoa', 'Genova'),
(8, 'Hellas Verona', 'Verona'),
(9, 'Inter', 'Milano'),
(10, 'Juventus', 'Torino'),
(11, 'Lazio', 'Roma'),
(12, 'Lecce', 'Lecce'),
(13, 'Milan', 'Milano'),
(14, 'Monza', 'Monza'),
(15, 'Napoli', 'Napoli'),
(16, 'Parma', 'Parma'),
(17, 'Roma', 'Roma'),
(18, 'Torino', 'Torino'),
(19, 'Udinese', 'Udine'),
(20, 'Venezia', 'Venezia');

--
-- Indici per le tabelle scaricate
--

--
-- Indici per le tabelle `evento`
--
ALTER TABLE `evento`
  ADD PRIMARY KEY (`id`),
  ADD KEY `id_partita` (`id_partita`),
  ADD KEY `id_giocatore` (`id_giocatore`);

--
-- Indici per le tabelle `giocatore`
--
ALTER TABLE `giocatore`
  ADD PRIMARY KEY (`id`),
  ADD KEY `id_squadra` (`id_squadra`);

--
-- Indici per le tabelle `partita`
--
ALTER TABLE `partita`
  ADD PRIMARY KEY (`id`),
  ADD KEY `id_squadra_casa` (`id_squadra_casa`),
  ADD KEY `id_squadra_trasferta` (`id_squadra_trasferta`);

--
-- Indici per le tabelle `probabilità`
--
ALTER TABLE `probabilità`
  ADD PRIMARY KEY (`id`),
  ADD KEY `id_partita` (`id_partita`);

--
-- Indici per le tabelle `squadra`
--
ALTER TABLE `squadra`
  ADD PRIMARY KEY (`id`);

--
-- AUTO_INCREMENT per le tabelle scaricate
--

--
-- AUTO_INCREMENT per la tabella `evento`
--
ALTER TABLE `evento`
  MODIFY `id` int(3) NOT NULL AUTO_INCREMENT, AUTO_INCREMENT=85;

--
-- AUTO_INCREMENT per la tabella `giocatore`
--
ALTER TABLE `giocatore`
  MODIFY `id` int(50) NOT NULL AUTO_INCREMENT, AUTO_INCREMENT=692;

--
-- AUTO_INCREMENT per la tabella `partita`
--
ALTER TABLE `partita`
  MODIFY `id` int(3) NOT NULL AUTO_INCREMENT, AUTO_INCREMENT=391;

--
-- AUTO_INCREMENT per la tabella `probabilità`
--
ALTER TABLE `probabilità`
  MODIFY `id` int(3) NOT NULL AUTO_INCREMENT, AUTO_INCREMENT=76;

--
-- AUTO_INCREMENT per la tabella `squadra`
--
ALTER TABLE `squadra`
  MODIFY `id` int(3) NOT NULL AUTO_INCREMENT, AUTO_INCREMENT=21;

--
-- Limiti per le tabelle scaricate
--

--
-- Limiti per la tabella `evento`
--
ALTER TABLE `evento`
  ADD CONSTRAINT `evento_ibfk_1` FOREIGN KEY (`id_giocatore`) REFERENCES `giocatore` (`id`),
  ADD CONSTRAINT `evento_ibfk_2` FOREIGN KEY (`id_partita`) REFERENCES `partita` (`id`);

--
-- Limiti per la tabella `giocatore`
--
ALTER TABLE `giocatore`
  ADD CONSTRAINT `giocatore_ibfk_1` FOREIGN KEY (`id_squadra`) REFERENCES `squadra` (`id`);

--
-- Limiti per la tabella `partita`
--
ALTER TABLE `partita`
  ADD CONSTRAINT `partita_ibfk_1` FOREIGN KEY (`id_squadra_casa`) REFERENCES `squadra` (`id`),
  ADD CONSTRAINT `partita_ibfk_2` FOREIGN KEY (`id_squadra_trasferta`) REFERENCES `squadra` (`id`);

--
-- Limiti per la tabella `probabilità`
--
ALTER TABLE `probabilità`
  ADD CONSTRAINT `probabilità_ibfk_1` FOREIGN KEY (`id_partita`) REFERENCES `partita` (`id`);
COMMIT;

/*!40101 SET CHARACTER_SET_CLIENT=@OLD_CHARACTER_SET_CLIENT */;
/*!40101 SET CHARACTER_SET_RESULTS=@OLD_CHARACTER_SET_RESULTS */;
/*!40101 SET COLLATION_CONNECTION=@OLD_COLLATION_CONNECTION */;
